Sentiment_Class,Precision,Recall,F1_Score
Negative,0.9669565217391304,0.9858156028368794,0.9762949956101844
Neutral,0.9584086799276673,0.9397163120567376,0.9489704565801254
Positive,0.9608938547486033,0.9608938547486033,0.9608938547486033
